DayOfWeek,Total Journeys
Monday,36139.36496350365
Tuesday,41572.3503649635
Wednesday,41836.244525547445
Thursday,41104.80291970803
Friday,39379.200729927004
Saturday,14931.861313868612
Sunday,10851.091240875912
